No FOGO;MEDIDA;FABRICANTE;MODELO;DOT;SULCO;SIST.REF;TIPO;VIDA;ANOMALIA;ANOMALIA;ANOMALIA
1298;295/80R22.5;Mic;Xze 2+;11;2,0;1;T;1;34;;
2334;295/80R22.5;Mic;Xze2+;11;9,0;1;L;2;32;34;
6187;275/80R22.5;Goo;G667;11;16,0;1;L;1;14;;
6426;295/80R22.5;Pir;Fh75;07;7,0;1;L;2;2;;
7614;295/80R22.5;Mic;Xze2+;08;4,0;1;T;1;32;34;
9936;295/80R22.5;Mic;Xze2+;10;1,0;1;L;1;34;;
10342;295/80R22.5;Bri;M729;08;1,0;1;L;1;34;;
10655;295/80R22.5;Pir;Fr85;10;14,0;1;M;1;41;34;
10879;275/80R22.5;Pir;Fr85;13;3,0;1;L;1;14;;
11013;295/80R22.5;Pir;Tr85;10;6,0;1;T;1;3;5;
11531;295/80R22.5;Pir;Tr85;14;8,0;1;T;1;34;;
11600;295/80R22.5;Pir;Fg85;13;3,0;1;T;1;12;25;
11795;295/80R22.5;Pir;Fr85;11;9,0;1;L;1;12;;
12131;295/80R22.5;Pir;Fr85;11;5,0;1;T;1;41;34;35
12334;295/80R22.5;Mic;Xze2+;11;5,0;1;L;2;32;34;
12340;295/80R22.5;Mic;Xze2+;11;9,0;2;L;2;40;;
12353;295/80R22.5;Mic;Xze 2+;11;9,0;1;T;2;34;8;
12723;295/80R22.5;Mic;Xze2+;11;8,0;1;L;2;40;;
12807;295/80R22.5;Pir;Fg85;11;8,0;1;L;1;34;35;
12971;295/80R22.5;Mic;Xze 2+;11;7,0;1;L;1;34;;
12973;295/80R22.5;Mic;Xze2+;11;5,0;1;L;2;40;;
12975;295/80R22.5;Mic;Xde2+;11;12,0;1;L;2;40;2;
13239;295/80R22.5;Pir;Fg85;11;6,0;1;L;1;12;;
13252;295/80R22.5;Pir;Fr85;11;5,0;1;L;1;32;34;
13276;295/80R22.5;Pir;Fr85;11;6,0;1;L;1;26;;
13451;295/80R22.5;Pir;Fr85;11;1,0;1;L;2;32;34;
13718;295/80R22.5;Mic;Xze 2+;11;2,0;1;L;2;40;;
13918;295/80R22.5;Bri;M729;13;9,0;1;L;2;12;40;
13941;295/80R22.5;Pir;Fr85;12;7,0;1;L;1;34;2;
13960;295/80R22.5;Pir;Fr85;12;4,0;1;L;1;34;;
14000;295/80R22.5;Pir;Fr85;12;10,0;1;L;1;25;12;34
14195;295/80R22.5;Pir;Tr85;13;10,0;1;L;2;12;12;
14211;295/80R22.5;Pir;Fg85;12;3,0;1;T;1;40;;
14241;295/80R22.5;Pir;Fr85;12;3,0;1;T;1;2;;
14252;295/80R22.5;Pir;Fg85;12;3,0;1;T;1;26;;
14262;295/80R22.5;Pir;Fg85;12;7,0;1;L;1;35;;
14264;295/80R22.5;Pir;Fg85;12;8,0;1;L;1;2;;
14369;295/80R22.5;Pir;Fg85;12;2,0;1;L;1;12;;
14405;295/80R22.5;Pir;Fg85;12;10,0;1;L;1;34;2;
14423;295/80R22.5;Pir;Fg85;12;7,0;1;L;1;34;;
14432;295/80R22.5;Mic;Xde2+;13;10,0;1;L;1;34;;
14606;295/80R22.5;Pir;Fg85;13;10,0;1;L;2;34;;
14624;295/80R22.5;Pir;Fg85;13;4,0;1;T;1;25;12;
14670;295/80R22.5;Pir;Fr85;13;11,0;1;L;1;34;2;
14719;295/80R22.5;Pir;Fr85;13;7,0;1;L;1;12;;
14731;295/80R22.5;Pir;Fg85;13;5,0;1;L;1;12;;
14733;295/80R22.5;Pir;Fg85;13;7,0;1;L;1;34;;
14739;295/80R22.5;Pir;Fg85;13;8,0;1;T;1;34;;
14775;295/80R22.5;Pir;Fr85;13;10,0;1;L;2;32;34;
14777;295/80R22.5;Pir;Fr85;13;6,0;1;T;1;25;;
14780;295/80R22.5;Pir;Fg85;13;12,0;1;L;1;3;34;
14796;295/80R22.5;Pir;Fr85;13;6,0;1;L;1;32;;
14823;295/80R22.5;Pir;FR85;13;12,0;1;L;1;34;2;
14827;295/80R22.5;Pir;Fr85;13;9,0;2;L;2;34;;
14829;295/80R22.5;Pir;FR85;13;3,0;1;L;1;34;26;
14858;295/80R22.5;Mic;Xde 2+;13;4,0;1;T;2;26;;
14865;295/80R22.5;Mic;Xde 2+;13;12,0;1;T;3;34;;
14882;295/80R22.5;Pir;Fg85;13;8,0;1;L;2;34;;
14933;295/80R22.5;Mic;Xze2+;12;10,0;2;L;1;34;;
14944;295/80R22.5;Mic;Xze2+;12;4,0;1;L;1;12;2;
14960;295/80R22.5;Mic;Xze2+;13;8,0;1;L;1;32;34;
14983;295/80R22.5;Pir;Fg85;13;9,0;1;L;1;32;34;
14996;295/80R22.5;Mic;Xde2+;13;3,0;;T;NV;8;;
15002;295/80R22.5;Mic;Fg85;13;18,0;2;M;1;34;;
15004;295/80R22.5;Pir;Fg85;13;11,0;1;L;2;34;8;
15036;295/80R22.5;Mic;Xde 2+;13;11,0;1;L;2;34;;
15063;295/80R22.5;Mic;Xze2+;13;7,0;1;L;1;3;;
15084;295/80R22.5;Mic;Xze 2+;12;6,0;1;L;1;34;;
15086;295/80R22.5;Mic;Xze 2+;13;12,0;1;T;2;34;;
15168;295/80R22.5;Bri;R227;13;6,0;1;L;2;2;;
15169;295/80R22.5;Bri;R227;13;7,0;1;L;1;32;34;
15179;295/80R22.5;Bri;R227;13;11,0;1;L;1;32;34;
15189;295/80R22.5;Mic;Xde2+;13;3,0;1;T;3;41;34;
15246;295/80R22.5;Pir;Fg85;13;4,0;;M;NV;12;;
15251;295/80R22.5;Pir;Fg85;13;8,0;1;L;1;34;;
15259;295/80R22.5;Pir;Fg85;13;7,0;;M;NV;12;;
15330;295/80R22.5;Pir;Fr85;13;7,0;1;L;1;34;8;
15377;295/80R22.5;Mic;Xde 2+;13;11,0;1;L;2;32;34;
15394;295/80R22.5;Mic;Xze 2+;13;5,0;1;L;1;25;;
15462;295/80R22.5;Mic;Xze 2;13;9,0;1;L;1;32;34;
15476;295/80R22.5;Pir;Fg85;13;10,0;1;L;3;34;35;8
15495;295/80R22.5;Mic;Xze 2+;13;10,0;1;T;1;32;34;
15524;295/80R22.5;Mic;Xze 2+;13;7,0;;L;NV;18;;
15632;295/80R22.5;Mic;Xde 2+;13;5,0;1;T;2;38;;
15640;295/80R22.5;Mic;Xze2+;13;1,0;1;L;2;31;;
15715;295/80R22.5;Mic;Xze2+;15;3,0;1;L;1;40;;
15717;295/80R22.5;Pir;Fg85;13;3,0;1;T;1;12;;
15738;295/80R22.5;Mic;Xze 2+;12;9,0;1;L;3;41;35;
15761;295/80R22.5;Mic;Xde 2+;13;5,0;1;T;2;32;;
15762;295/80R22.5;Mic;Xde 2+;13;2,0;1;T;1;34;;
15787;295/80R22.5;Mic;Xde 2+;13;10,0;1;L;3;34;;
15790;295/80R22.5;Mic;Fg85;13;11,0;1;L;1;34;;
15895;295/80R22.5;Bri; M729;13;7,0;1;T;2;12;;
15904;295/80R22.5;Bri;R227;13;10,0;1;L;1;32;34;
15913;295/80R22.5;Pir;Fg85;03;9,0;1;L;2;34;;
15945;295/80R22.5;Bri;R227;13;9,0;1;L;1;34;;
16014;295/80R22.5;Pir;Fr85;13;7,0;1;L;1;34;;
16075;295/80R22.5;Pir;Fg85;13;2,0;1;T;1;26;34;
16114;295/80R22.5;Pir;Fg85;13;8,0;1;L;1;12;;
16130;295/80R22.5;Pir;Fr85;13;3,0;1;T;1;12;;
16172;295/80R22.5;Pir;Fr85;13;4,0;1;L;1;40;;
16190;295/80R22.5;Pir;Fg85;13;4,0;1;T;1;12;;
16212;295/80R22.5;Pir;Fg85;13;10,0;1;L;1;34;25;41
16213;295/80R22.5;Pir;Fg85;13;15,0;2;M;2;41;35;
16302;295/80R22.5;Pir;Fg85;?;4,0;1;T;1;8;;
16318;295/80R22.5;Bri;M729;13;6,0;2;L;1;34;;
16333;295/80R22.5;Bri;R227;13;12,0;1;L;1;32;34;
16349;295/80R22.5;Bri;R227;13;1,0;1;L;2;12;;
16355;295/80R22.5;Bri;R227;13;17,0;2;M;1;34;8;
16360;295/80R22.5;Bri;R227;13;12,0;2;M;1;32;8;
16402;295/80R22.5;Bri;R227;13;7,0;1;T;1;12;;
16409;295/80R22.5;Bri;M729;13;3,0;1;T;1;34;;
16453;295/80R22.5;Bri;M729;13;10,0;1;T;3;40;;
16631;295/80R22.5;Pir;Fg85;13;6,0;1;L;1;34;35;
16632;295/80R22.5;Pir;Fg85;13;5,0;1;L;1;34;2;
16656;295/80R22.5;Pir;Fg85;13;8,0;1;L;2;12;14;
16664;295/80R22.5;Pir;Fg85;13;10,0;1;L;1;5;2;34
16725;295/80R22.5;Pir;Fg85;13;6,0;1;T;1;26;;
16728;295/80R22.5;Pir;Fg85;13;10,0;1;L;1;25;;
16769;295/80R22.5;Pir;Fg85;13;6,0;1;L;1;41;34;35
16791;295/80R22.5;Pir;Fg85;13;5,0;1;L;1;34;12;
16805;295/80R22.5;Pir;Fg85;13;12,0;1;T;1;34;;
16820;295/80R22.5;Pir;Fg85;13;8,0;1;L;2;2;35;
16825;295/80R22.5;Pir;Fg85;13;9,0;1;L;1;35;2;
16827;295/80R22.5;Pir;Fg85;13;4,0;1;T;1;34;;
16842;295/80R22.5;Pir;Fg85;13;7,0;1;L;2;14;;
16844;295/80R22.5;Pir;Fg85;13;10,0;1;T;1;5;;
16852;295/80R22.5;Pir;Fg85;13;5,0;1;L;1;34;;
16880;295/80R22.5;Pir;Fg85;13;7,0;1;L;1;12;;
16900;295/80R22.5;Pir;Fg85;13;7,0;;M;NV;34;;
16933;295/80R22.5;Pir;Fg85;13;4,0;1;L;1;12;2;
16946;295/80R22.5;Pir;Fg85;13;8,0;1;L;1;34;;
17016;295/80R22.5;Pir;Fg85;13;7,0;1;T;1;25;35;
17017;295/80R22.5;Pir;Fg85;13;11,0;1;T;1;25;;
17018;295/80R22.5;Pir;Fg85;13;1,0;1;M;1;31;;
17019;295/80R22.5;Pir;Fg85;13;12,0;1;L;1;41;35;25
17039;295/80R22.5;Pir;Fg85;13;5,0;1;L;1;34;2;
17040;295/80R22.5;Pir;Fg85;13;5,0;1;L;1;25;;
17061;295/80R22.5;Pir;Fg85;13;3,0;1;T;1;5;;
17062;295/80R22.5;Pir;Fg85;13;3,0;1;T;1;41;34;35
17087;295/80R22.5;Pir;Fg01;14;11,0;1;L;1;34;35;
17088;295/80R22.5;Mic;FG01;13;7,0;1;L;2;40;;
17110;295/80R22.5;Pir;Fg01;14;2,0;1;L;2;34;;
17284;295/80R22.5;Pir;Fg85;14;8,0;;M;NV;38;;
17304;295/80R22.5;Pir;F85;11;8,0;;L;NV;14;;
17362;295/80R22.5;Pir;Fg85;14;9,0;;L;NV;34;;
17431;295/80R22.5;Pir;Fr01;14;16,0;2;M;2;40;;
17462;295/80R22.5;Pir;Fg01;14;4,0;;M;NV;5;34;
17587;295/80R22.5;Mic;Xze;14;2,0;1;T;1;38;;
17595;295/80R22.5;Mic;Xze;14;9,0;1;L;2;34;;
17701;295/80R22.5;Mic;Xze;14;2,0;1;T;1;8;;
17881;295/80R22.5;Mic;Xze;14;3,0;1;L;1;2;;
17920;295/80R22.5;Mic;Xze;14;7,0;1;L;1;25;;
18048;295/80R22.5;Pir;Fg01;14;1,0;1;L;1;31;;
18064;295/80R22.5;Pir;Fg01;14;5,0;1;T;2;41;34;35
18072;295/80R22.5;Pir;Fg01;15;11,0;1;L;2;5;;
18251;295/80R22.5;Pir;Tr01;14;10,0;1;L;1;38;;
18363;295/80R22.5;Pir;Fg01;15;8,0;;M;NV;3;;
18426;295/80R22.5;Pir;Fg85;15;1,0;;M;NV;31;;
18585;295/80R22.5;Pir;Fg01;15;6,0;;M;NV;14;;
18663;295/80R22.5;Pir;Fr01;15;2,0;1;L;1;8;;
18691;295/80R22.5;Pir;Fh01;15;10,0;1;L;1;12;;
18764;295/80R22.5;Pir;Fh01;15;6,0;1;L;1;8;;
18811;295/80R22.5;Pir;Fg01;15;9,0;;M;NV;34;;
28708;295/80R22.5;Mic;Xze 2+;10;9,0;1;L;1;34;;
34172;295/80R22.5;Bri;M729;11;6,0;1;L;1;32;;
40091;295/80R22.5;Goo;G658;13;10,0;2;M;1;8;;
44098;295/80R22.5;Pir;Tr85;12;10,0;1;L;2;32;34;
44211;295/80R22.5;Goo;G667;13;9,0;1;L;1;14;;
44755;295/80R22.5;Con;Hdr2;13;10,0;1;L;2;12;;
45341;295/80R22.5;Pir;Tr85;13;9,0;1;L;3;34;;
47170;295/80R22.5;Goo;G658;13;9,0;1;M;3;14;;
47217;295/80R22.5;Bri;R227;13;9,0;1;L;1;12;;
47548;295/80R22.5;Pir;Fr01;13;8,0;1;L;2;12;;
48847;295/80R22.5;Pir;Fr01;13;4,0;1;L;1;14;;
49620;295/80R22.5;Pir;Fg01;12;8,0;1;L;1;12;;
49951;295/80R22.5;Pir;Fr01;13;10,0;1;L;2;40;;
50815;295/80R22.5;Pir;Fg01;13;12,0;1;L;2;34;2;
50875;295/80R22.5;Pir;Fr01;13;5,0;1;L;2;12;;
51401;295/80R22.5;Pir;Fg01;13;9,0;1;L;1;40;;
52465;295/80R22.5;Pir;Fr85;13;10,0;1;L;1;32;34;
56008;295/80R22.5;Mic;Xze;14;1,0;2;M;1;34;2;
61855;295/80R22.5;Pir;Fr85;15;9,0;1;L;1;34;2;
65284;295/80R22.5;Pir;Fr85;12;4,0;1;T;1;25;;
88095;295/80R22.5;Goo;G658;13;6,0;;L;NV;12;;
100119;295/80R22.5;Pir;Tr01;16;9,0;;T;NV;31;;
100120;295/80R22.5;Pir;Tr01;16;10,0;;T;NV;31;;
100140;295/80R22.5;Pir;Fg85;13;10,0;;M;NV;5;40;
100461;295/80R22.5;Pir;Fg01;16;6,0;;M;NV;5;;
100536;295/80R22.5;O;Driver II;16;11,0;;L;NV;14;;
101320;295/80R22.5;Mic;X Multi;16;10,0;;T;NV;8;;
102475;295/80R22.5;Pir;Fg85;16;3,0;;M;NV;6;;
120023;295/80R22.5;Pir;Fg01;15;9,0;;M;NV;25;;
' 0083;295/80R22.5;Goo;G667;09;11,0;1;L;1;34;2;
. 075489;295/80R22.5;O;UM816;11;5,0;1;M;1;14;;
?;275/80R22.5;Mic;Xze;15;6,0;;L;NV;20;35;
?;295/80R22.5;Mic;Xze 2+;13;1,0;;L;1;31;;
?;295/80R22.5;Con;Hsr2;14;1,0;;L;NV;17;;
?;295/80R22.5;Mic;Xde 2+;13;9,0;1;T;2;8;;
?;295/80R22.5;Pir;Fr85;13;18,0;2;L;3;34;;
?;295/80R22.5;Mic;Xze;14;18,0;2;M;3;8;;
?;295/80R22.5;Pir;Fr85;09;1,0;1;L;1;32;34;
?;295/80R22.5;Mic;Xze 2+;13;7,0;1;L;2;32;34;
?;295/80R22.5;Mic;Xze;14;4,0;1;L;1;34;;
?;295/80R22.5;Pir;Fr85;12;8,0;1;L;2;34;;
?;295/80R22.5;Pir;Fg85;13;3,0;1;T;1;12;;
?;295/80R22.5;Bri;R250;08;1,0;1;L;2;32;34;
?;295/80R22.5;Bri;R297;11;12,0;1;L;1;12;;
?;295/80R22.5;Mic;Xde 2+;13;8,0;1;T;2;38;;
?;385/65R22.5;O;UR288;11;5,0;;L;NV;17;34;
AC 04766P;295/80R22.5;Mic;Xze2+;13;11,0;1;L;2;32;;
BCK31548A;295/80R22.5;Mic;Xze;13;1,0;1;L;1;2;34;
FCP26499A;295/80R22.5;Mic;Xze2+;12;1,0;1;L;1;17;;
KBE70960;295/80R22.5;Pir;Fg01;16;5,0;;M;NV;14;;
KLC13052F;295/80R22.5;Mic;Xze2+;11;11,0;1;L;1;34;2;
KTP37465;295/80R22.5;Pir;Fg85;?;6,0;1;L;1;40;;
KWU65398;295/80R22.5;Pir;Fg85;14;11,0;;L;NV;38;;
KXA08216;295/80R22.5;Pir;Fg85;13;4,0;;M;NV;12;;
KXA64210;295/80R22.5;Pir;Fg85;13;7,0;1;L;1;34;;
KXE51575;295/80R22.5;Pir;Fg85;13;10,0;1;L;1;8;;
KXF44614;295/80R22.5;Pir;Fg85;13;8,0;1;T;1;41;34;
KXN81901;295/80R22.5;Pir;Fg85;13;5,0;1;L;1;12;;
KXU94269;295/80R22.5;Pir;Fg85;13;7,0;1;L;1;34;;
KZP7387C;295/80R22.5;Pir;FR85;12;12,0;1;M;2;12;;
PLC19293F;295/80R22.5;Mic;Xze2+;11;5,0;1;L;1;32;34;
q18312;295/80R22.5;Pir;Fg01;14;3,0;1;L;1;12;;
S/!N;295/80R22.5;Pir;Fg85;13;12,0;1;L;1;35;;
S/!N;295/80R22.5;Pir;Fg85;13;12,0;1;L;1;35;;
S/N;295/80R22.5;Goo;G658;13;1,0;1;M;1;34;;
S/N;295/80R22.5;Bri;R227;13;7,0;1;T;1;32;34;
S/N;295/80R22.5;Bri;M729;10;3,0;1;T;1;40;;
S/N;295/80R22.5;Bri;M729;12;7,0;1;T;1;34;2;
S/N;295/80R22.5;Mic;Xzy-2;13;7,0;1;L;2;14;;
S/N;295/80R22.5;Mic;Xde2+;13;7,0;1;L;3;38;2;
s/N;295/80R22.5;Mic;Xze;14;4,0;1;T;1;8;;
S/N;295/80R22.5;Pir;Fg85;13;9,0;1;L;1;34;2;
S/N;295/80R22.5;Pir;Fg85;13;6,0;;M;NV;12;28;
S/N;295/80R22.5;Mic;Xzy-2;13;7,0;1;L;2;14;;
S/N;295/80R22.5;Mic;Xde2+;13;7,0;1;L;3;38;2;
s/N;295/80R22.5;Mic;Xze;14;4,0;1;T;1;8;;
S/N;295/80R22.5;Pir;Fg85;13;9,0;1;L;1;34;2;
S/N;295/80R22.5;Pir;Fg85;13;6,0;;M;NV;12;28;
UCP55627P;295/80R22.5;Mic;Xze2+;13;9,0;1;L;1;34;;
UPC0808H;295/80R22.5;Mic;Xze2+;13;10,0;1;L;1;14;;
ZA 02048M;295/80R22.5;Mic;Xze2+;?;1,0;1;L;1;32;34;
10824;295/80R22.5;Pir;Fr85;10;1,0;1;L;2;32;34;
11314;295/80R22.5;Pir;Fr85;11;11,0;1;L;2;5;2;
11574;295/80R22.5;Pir;Fr85;10;8,0;1;L;2;2;34;
11940;295/80R22.5;Pir;Fr85;11;7,0;1;L;2;34;2;
12439;295/80R22.5;Mic;Xze2+;11;6,0;1;L;2;40;;
13522;295/80R22.5;Pir;Fr85;12;8,0;1;L;1;34;2;
13709;295/80R22.5;Pir;Fg85;13;7,0;1;L;1;25;;
13761;295/80R22.5;Pir;Fr85;14;9,0;1;L;1;34;2;
14238;295/80R22.5;Pir;Fg85;12;7,0;1;T;1;12;;
14580;295/80R22.5;Pir;Fg85;13;7,0;;L;NV;40;47;
14609;295/80R22.5;Pir;Fr85;13;7,0;1;L;1;34;35;
14869;295/80R22.5;Mic;Xze2+;13;10,0;1;L;2;8;;
15186;295/80R22.5;Bri;M729;13;3,0;1;T;1;12;;
15301;295/80R22.5;Pir;Fr85;13;6,0;1;T;1;12;;
15603;295/80R22.5;Mic;Xze2+;13;9,0;1;T;2;32;34;
16705;295/80R22.5;Pir;Fg85;13;9,0;1;L;1;12;;
17190;295/80R22.5;Pir;Fg85;14;7,0;;L;NV;40;;
19598;295/80R22.5;Pir;Fg01;15;14,0;;M;NV;14;;
26213;295/80R22.5;Pir;Fr85;12;8,0;1;T;2;41;34;
48778;295/80R22.5;Pir;Fg85;13;6,0;1;L;2;34;;
49167;295/80R22.5;Pir;Fr01;13;7,0;1;L;2;34;2;
100014;295/80R22.5;Pir;Fr85;15;10,0;1;T;1;32;34;
ICJ08610H;295/80R22.5;Mic;Xze2+;11;9,0;1;L;2;34;;
KX56908E;295/80R22.5;Pir;Fg85;13;5,0;;L;NV;12;;
KXE03101;295/80R22.5;Pir;Fr85;13;9,0;1;L;2;31;;
S/N;295/80R22.5;Fir;Fs511;10;2,0;1;L;1;34;;
S/N;295/80R22.5;Bri;R297;12;10,0;1;T;1;40;;
YCK52706P;295/80R22.5;Mic;Xde2+;13;4,0;1;T;1;34;;
ZHO09673H;295/80R22.5;Mic;Xze2+;10;9,0;1;L;2;25;;
15993;295/80R22.5;Pir;Fr85;13;11,0;1;L;2;34;35;
S/N;295/80R22.5;Con;Hsr1;10;2,0;1;M;1;8;;
S/N;295/80R22.5;Bri;R250;07;9,0;1;L;2;34;8;
14883;295/80R22.5;Mic;Xze2+;12;7,0;1;T;1;2;;
16172;295/80R22.5;Pir;Fr85;13;5,0;1;L;1;34;2;
47548;295/80R22.5;Pir;Fr01;13;8,0;1;L;2;35;;
14977;295/80R22.5;Mic;Xde2+;13;5,0;1;L;1;32;;
CCR20705A;295/80R22.5;Mic;Xze;14;9,0;1;T;1;34;;
11626;295/80R22.5;Pir;Fr85;11;7,0;1;L;1;12;;
13985;295/80R22.5;Pir;Fr85;12;10,0;1;L;1;32;34;
14579;295/80R22.5;Pir;Fg85;13;5,0;1;L;1;5;2;
14829;295/80R22.5;Pir;Fr85;13;3,0;1;L;3;34;2;
14844;295/80R22.5;Mic;Xze2+;16;12,0;2;M;2;12;;
14889;295/80R22.5;Mic;Fg01;12;8,0;1;L;2;8;;
15105;295/80R22.5;Mic;Xde2+;13;4,0;1;L;1;32;3;
15487;295/80R22.5;Mic;Xde2+;15;10,0;1;L;2;34;;
15490;295/80R22.5;Mic;Xde2+;13;3,0;1;T;1;34;;
15556;295/80R22.5;Mic;Xde2+;13;7,0;1;T;2;34;;
16203;295/80R22.5;Pir;Fg85;13;3,0;1;T;1;40;34;
16598;295/80R22.5;Pir;Fg01;15;14,0;;M;NV;14;;
16882;295/80R22.5;Pir;Fg85;13;32,0;1;L;1;12;;
17649;295/80R22.5;Mic;Xze;14;13,0;2;L;2;6;35;
18897;295/80R22.5;Pir;Fg85;13;9,0;1;L;1;8;;
19591;295/80R22.5;Pir;Fg01;15;8,0;1;T;2;5;;
29032;295/80R22.5;Con;Hsr2;10;8,0;;L;NV;12;;
49301;295/80R22.5;Goo;G667;13;5,0;1;L;2;41;8;25
51234;295/80R22.5;Goo;G667;13;1,0;1;L;1;34;35;
100481;295/80R22.5;Pir;Fg01;16;8,0;1;L;1;3;;
100536;295/80R22.5;O;Driver II;13;11,0;;L;NV;14;;
102674;295/80R22.5;Con;Fg85;16;13,0;;L;NV;6;;
EXT29238;295/80R22.5;O;Driver II;13;4,0;1;L;1;5;;
JXE7160F;295/80R22.5;Pir;Fg85;13;3,0;1;T;1;25;;
KVP52566;295/80R22.5;Pir;Tr85;11;10,0;1;T;2;5;25;
KWN40973;295/80R22.5;Pir;Fr85;11;9,0;;L;NV;8;;
S/N;295/80R22.5;Mic;Xde2+ ;11;6,0;1;L;1;35;;
S/N;295/80R22.5;Fat;Sr200;09;2,0;1;L;1;40;;
S/N;295/80R22.5;O;S360;13;1,0;1;L;2;31;;
UCH30601P;295/80R22.5;Mic;Xze2+;09;4,0;1;L;2;12;;
UCP08473M;295/80R22.5;Mic;Xze2+;13;9,0;1;L;1;41;35;
ZCK04645M;295/80R22.5;Mic;Xze2+;13;7,0;1;L;1;34;;
S/N;275/80R22.5;Goo;G665;125;8,0;1;L;1;8;;
S/N;275/80R22.5;Con;Hsr2;12;1,0;1;L;1;17;;
S/N;275/80R22.5;Con;Hsr2;12;2,0;1;L;1;34;;
72;275/80R22.5;Con;Hsr2;12;1,0;1;L;1;17;;
11834;295/80R22.5;Pir;Fr85;11;9,0;1;L;1;34;2;
11820;295/80R22.5;Pir;Fr85;11;7,0;;L;NV;12;;
13170;295/80R22.5;Mic;Xde2+;11;2,0;1;L;2;35;;
13503;295/80R22.5;Pir;Fg85;12;7,0;1;L;1;2;34;
13876;295/80R22.5;Pir;Fr85;14;8,0;1;T;1;34;;
14032;295/80R22.5;Pir;Fr85;12;8,0;;L;NV;39;;
14262;295/80R22.5;Pir;Fg85;12;6,0;1;L;1;12;;
14329;295/80R22.5;Pir;Fg85;12;3,0;1;T;1;12;;
14555;295/80R22.5;Pir;Fr85;13;6,0;;T;NV;34;35;
14766;295/80R22.5;Pir;Fr85;13;8,0;1;L;1;12;;
14883;295/80R22.5;Mic;Xze2+;12;6,0;1;T;2;34;2;
15083;295/80R22.5;Mic;Xze2+;12;10,0;1;L;1;41;34;
15215;295/80R22.5;Bri;R227;13;3,0;1;L;1;12;;
15850;295/80R22.5;Mic;Xde2+;13;3,0;1;T;1;12;;
16006;295/80R22.5;Pir;Fr85;13;6,0;1;T;1;12;;
16128;295/80R22.5;Pir;Fg85;13;2,0;1;T;1;12;;
16172;295/80R22.5;Pir;Fr85;13;4,0;1;T;2;14;;
16553;295/80R22.5;Mic;Xde2+;13;8,0;1;T;1;34;;
16986;295/80R22.5;Pir;Fg85;13;10,0;1;L;1;35;26;
17021;295/80R22.5;Pir;Fg85;13;4,0;;M;NV;34;34;
17412;295/80R22.5;Pir;Fr01;14;11,0;1;L;1;41;35;
18772;295/80R22.5;Pir;Fg01;04;12,0;1;L;1;34;;
19731;295/80R22.5;Pir;Fg01;13;10,0;1;L;1;6;;
50861;295/80R22.5;Pir;Fr01;13;9,0;1;L;3;12;;
1616865;295/80R22.5;Pir;Fg85;13;8,0;1;L;1;5;2;
' 07444;295/80R22.5;Mic;Xze2+;08;2,0;1;L;2;40;;
ACK03479M;295/80R22.5;Mic;Xze2+;13;2,0;1;T;1;8;;
KSV61869;295/80R22.5;Pir;Fr85;p9;4,0;2;L;1;12;25;
KVU51393;295/80R22.5;Pir;Fg85;15;8,0;1;L;1;3;;
Kxu94369;295/80R22.5;Pir;Fg85;13;8,0;1;L;1;12;;
S/N;295/80R22.5;Con;Hdr2;13;;1;L;1;12;;
S/N;295/80R22.5;Bri;R268;13;7,0;;L;NV;14;;
S/N;295/80R22.5;Bri;R268;13;10,0;;L;NV;12;;
S/N;295/80R22.5;Con;Hsr2;01;5,0;1;L;1;14;;
S/N;295/80R22.5;Bri;M840;13;5,0;;M;NV;14;;
St4211;295/80R22.5;Mic;Xze2+;07;2,0;1;L;1;40;40;
ZCK04925M;295/80R22.5;Mic;Xze2+;13;3,0;1;L;1;34;2;
16828;295/80R22.5;Pir;Fg85;13;5,0;1;T;1;40;;
15651;295/80R22.5;Mic;Xe2+;13;12,0;2;M;2;32;34;
100180;295/80R22.5;Pir;Fg01;15;13,0;;M;NV;40;;
36230;295/80R22.5;Goo;G667;11;9,0;1;L;3;41;34;35
13869;295/80R22.5;Pir;Fr85;12;7,0;1;L;1;12;;
13191;295/80R22.5;Mic;Xde2+;11;4,0;1;T;3;34;35;
17812;295/80R22.5;Mic;Xze;14;8,0;1;L;1;8;;
S/N;295/80R22.5;Pir;Fg85;13;5,0;1;T;1;34;;
15666;295/80R22.5;Mic;Xde2+;13;1,0;1;L;2;34;;
16415;295/80R22.5;Pir;Fg85;13;5,0;1;T;1;34;35;8
S/N;295/80R22.5;Bri;R268;13;8,0;;L;NV;12;;
S/N;295/80R22.5;Bri;R268;13;9,0;;L;NV;12;;
S/N;295/80R22.5;Bri;R297;13;8,0;1;L;1;34;;
17119;295/80R22.5;Pir;Fg01;14;3,0;1;T;1;40;;
18702;295/80R22.5;Pir;Fh01;15;10,0;1;L;1;12;;
S/N;295/80R22.5;Fir;Fs511;10;5,0;1;L;2;2;9;
53985;295/80R22.5;Goo;G658;14;8,0;1;L;2;34;2;
15399;295/80R22.5;Mic;Xde2+;13;7,0;1;L;2;41;34;35
14628;295/80R22.5;Pir;Fg85;13;10,0;1;L;2;41;34;35
17086;295/80R22.5;Pir;Fg01;14;3,0;1;L;1;40;;
18728;295/80R22.5;Pir;Fg01;15;6,0;1;L;1;5;;
YCK59202A;295/80R22.5;Mic;X Multi;14;7,0;1;L;2;14;;
64419;275/80R22.5;Goo;G665;13;1,0;;L;NV;12;14;
9525;295/80R22.5;Pir;Fr85;09;6,0;1;L;1;34;;
12387;295/80R22.5;Mic;Xze2+;11;6,0;1;L;1;40;;
12749;295/80R22.5;Mic;Xze2+;11;6,0;1;L;2;12;;
13471;295/80R22.5;Pir;Fr85;11;7,0;1;T;1;35;2;
15615;295/80R22.5;Mic;Xze2+;13;8,0;1;L;2;34;;
15975;295/80R22.5;Bri;R227;13;9,0;1;T;1;41;34;8
16032;295/80R22.5;Pir;FR85;13;10,0;;L;NV;34;2;
16481;295/80R22.5;Pir;Fg85;13;10,0;1;L;2;34;26;
16828;295/80R22.5;Pir;Fg85;13;6,0;1;T;1;40;12;
17055;295/80R22.5;Pir;Fg85;13;8,0;1;L;1;8;;
17119;295/80R22.5;Pir;Fg01;14;3,0;1;T;1;40;;
17139;295/80R22.5;Pir;Fg85;13;8,0;1;T;1;41;34;35
38438;295/80R22.5;Mic;Xze2+;12;10,0;1;L;2;32;34;
100303;295/80R22.5;Pir;Fg01;15;1,0;;M;NV;5;;
CCK11797P;295/80R22.5;Mic;Xde2+;13;4,0;1;T;1;25;;
KVS2129F;295/80R22.5;Pir;Fr85;11;10,0;1;T;1;6;;
S/N;295/80R22.5;Bri;R268;13;9,0;;L;NV;12;;
XCK18789A;295/80R22.5;Mic;Xze;13;3,0;1;L;1;12;;
ZCG12152T;295/80R22.5;Mic;Xze2+;07;1,0;1;T;1;12;9;
S/N;295/80R22.5;Goo;G667;09;10,0;1;L;1;34;;
53985;295/80R22.5;Goo;G658;14;9,0;1;M;1;2;34;
3214;295/80R22.5;Bri;R155;12;3,0;1;T;1;2;34;
S/N;295/80R22.5;Bri;M729;13;2,0;1;T;4;12;;
47880;295/80R22.5;Pir;Fr85;13;11,0;1;L;2;12;;
17070;295/80R22.5;Pir;Fr01;13;8,0;1;L;2;32;34;
10104;295/80R22.5;Mic;Xze2+;10;6,0;1;L;1;40;;
14341;295/80R22.5;Pir;Fg85;12;9,0;1;L;1;40;;
12828;295/80R22.5;Pir;Fr85;11;5,0;1;L;1;5;41;34
15775;295/80R22.5;Mic;Xde2+;13;12,0;1;L;2;8;;
YCK41881P;295/80R22.5;Mic;Xde2+;13;12,0;2;M;2;8;;
19761;295/80R22.5;Pir;Fg01;15;8,0;;M;NV;25;;
KWU31124;295/80R22.5;Pir;Fg85;14;13,0;1;T;1;34;8;
100058;295/80R22.5;O;Driver II;16;8,0;1;L;1;34;2;
18241;295/80R22.5;Pir;Fg01;14;13,0;1;T;1;34;;
17125;295/80R22.5;Pir;Fg01;14;4,0;1;L;1;12;;
15290;295/80R22.5;Pir;Fr85;13;7,0;1;L;1;32;34;
15558;295/80R22.5;Mic;Xze2+;13;15,0;1;M;2;14;;
11457;295/80R22.5;Pir;Tr85;10;9,0;2;L;2;32;34;14
16314;295/80R22.5;Bri;R297;13;1,0;1;L;1;32;34;
16071;295/80R22.5;Pir;Fg85;13;4,0;1;L;1;34;32;12
18727;295/80R22.5;Pir;Fh01;15;10,0;1;L;1;3;3;3
16413;295/80R22.5;Bri;R227;13;8,0;1;L;1;32;34;
17953;295/80R22.5;Mic;X Multi;14;10,0;1;L;3;8;;
KVP39049;295/80R22.5;Pir;Fr85;11;2,0;1;L;2;12;;
15235;295/80R22.5;Bri;R227;13;7,0;1;L;1;2;;
9657;295/80R22.5;Pir;Fr85;10;9,0;1;L;1;32;34;35
13831;295/80R22.5;Pir;Fr85;12;5,0;2;L;2;32;34;
14536;295/80R22.5;Pir;Fg01;13;1,0;;L;NV;34;;
14980;295/80R22.5;Mic;Xze2;13;10,0;1;L;2;2;;
14984;295/80R22.5;Pir;Fg01;14;12,0;1;T;1;41;25;
15406;295/80R22.5;Mic;Xze2+;13;10,0;1;L;2;41;34;
16724;295/80R22.5;Pir;Fg85;13;3,0;1;T;1;12;;
16897;295/80R22.5;Pir;Fg85;13;R;1;L;1;5;;
16899;295/80R22.5;Pir;Fg85;13;6,0;;M;NV;40;;
16920;295/80R22.5;Pir;Fg85;13;11,0;1;L;1;34;35;
17027;295/80R22.5;Pir;Fg85;13;10,0;1;L;2;32;34;
17042;295/80R22.5;Pir;Fg85;13;11,0;1;L;1;14;;
17428;295/80R22.5;Pir;Fr01;14;R;1;L;1;34;;
17448;295/80R22.5;Pir;Fg01;14;R;1;L;1;34;;
18036;295/80R22.5;Pir;Fg01;14;9,0;1;T;1;5;10;
18058;295/80R22.5;Pir;Tr85;14;R;1;T;1;34;26;
18257;295/80R22.5;Pir;Fg01;14;11,0;1;L;1;38;;
18408;295/80R22.5;Pir;Fg01;14;3,0;;M;NV;3;;
44562;295/80R22.5;Con;Hsr2;1314;6,0;1;L;1;12;34;2
100425;295/80R22.5;Pir;Fg01;16;1,0;1;L;1;34;;
100430;295/80R22.5;Pir;Fg01;14;R;1;L;1;5;;
18148;295/80R22.5;Pir;Fg01;14;12,0;1;L;2;8;;
16276;295/80R22.5;Pir;Fg85;13;10,0;1;L;1;32;34;
14922;295/80R22.5;Mic;Xze 2+;13;7,0;1;T;1;32;34;
BCK 29693B;295/80R22.5;Mic;Xde 2+;13;10,0;1;L;3;34;;
15595;295/80R22.5;Mic;Xze 2+;13;19,0;1;L;1;34;;
9041;295/80R22.5;Pir;Tr85;09;8,0;2;L;2;32;8;
17096;295/80R22.5;Pir;Fg01;14;4,0;1;T;1;40;;
13836;295/80R22.5;Pir;Fr85;12;6,0;1;L;4;12;34;
KXP 64172;295/80R22.5;Pir;Fg85;13;11,0;1;L;2;12;;
16803;295/80R22.5;Pir;Fg85;13;4,0;1;L;1;26;;
41592;295/80R22.5;Goo;G667;12;10,0;1;L;3;12;;
14401;295/80R22.5;Pir;Fg01;12;7,0;;M;NV;12;;
12511;295/80R22.5;Pir;Fr85;11;11,0;1;L;1;14;;
12802;295/80R22.5;Mic;Xze 2+;11;7,0;1;L;2;2;34;
18704;295/80R22.5;Pir;Fh01;15;9,0;1;L;1;2;34;
C58433;295/80R22.5;Pir;Fr85;14;1,0;2;L;1;34;;
72408;295/80R22.5;Goo;G658;08;3,0;1;L;1;9;;
16793;295/80R22.5;Pir;Fg85;13;10,0;2;N;1;12;;
18718;295/80R22.5;Pir;Fg01;14;1,0;1;T;1;8;;
14711;295/80R22.5;Pir;Fr85;13;8,0;1;L;1;12;;
17556;295/80R22.5;Mic;XD;14;12,0;1;T;2;35;;
16828;295/80R22.5;Pir;Fg85;13;5,0;1;T;1;40;;
15651;295/80R22.5;Mic;Xe2+;13;12,0;2;M;2;32;34;
16120;295/80R22.5;Pir;Fg85;13;5,0;1;L;2;32;34;
1576;295/80R22.5;Bri;M729;13;6,0;1;L;2;8;;
17074;295/80R22.5;Pir;Fg01;14;6,0;1;L;1;40;;
15773;295/80R22.5;Mic;Xd32+;13;2,0;1;T;3;26;;
6110;295/80R22.5;Pir;Fr85;13;4,0;1;L;1;41;34;25
16623;295/80R22.5;Mic;Xze2+;13;10,0;1;L;2;32;34;
15124;295/80R22.5;Pir;Fg85;13;11,0;1;L;2;25;;
11045;295/80R22.5;Pir;Fr85;10;8,0;1;L;3;32;34;
16927;295/80R22.5;Pir;Fg85;13;6,0;1;L;1;34;;
IMP/851;295/80R22.5;Mic;Xze2+;13;12,0;1;L;2;32;34;
IMP/2238;295/80R22.5;Pir;Fg85;13;7,0;1;T;2;35;;
IPM/476;295/80R22.5;Pir;Fg85;13;1,0;;L;NV;17;;
100472;295/80R22.5;Pir;Fg01;16;11,0;1;L;1;34;;Pirelli
15008;295/80R22.5;Mic;Xde2+;13;4,0;1;T;3;32;;
18217;295/80R22.5;Pir;Fg01;14;9,0;1;T;2;40;;
14717;295/80R22.5;Pir;Fr85;13;11,0;1;L;2;2;34;
15171;295/80R22.5;Bri;R227;12;8,0;1;L;2;32;34;
13283;295/80R22.5;Pir;Fr85;11;17,0;1;L;3;35;;
58341;295/80R22.5;Pir;Fr85;13;8,0;1;L;1;2;34;
16784;295/80R22.5;Pir;Fg85;13;12,0;1;L;2;35;34;
16092;295/80R22.5;Pir;Fr85;13;9,0;1;L;2;2;34;
19900;295/80R22.5;O;Driver II;15;2,0;;L;NV;8;;
18153;295/80R22.5;Pir;Fg01;14;6,0;;L;NV;14;;
14626;295/80R22.5;Pir;Fg85;13;3,0;1;T;2;12;;
15882;295/80R22.5;Bri;R227;13;R;1;L;2;34;3;
17305;295/80R22.5;Pir;Fg85;14;5,0;1;L;1;34;3;
18180;295/80R22.5;Pir;Fg01;14;R;1;L;1;5;;
100180;295/80R22.5;Pir;Fg01;15;13,0;;M;NV;40;;
36230;295/80R22.5;Goo;G667;11;9,0;1;L;3;41;34;35
13869;295/80R22.5;Pir;Fr85;12;7,0;1;L;1;12;;
13191;295/80R22.5;Mic;Xde2+;11;4,0;1;T;3;34;35;
17812;295/80R22.5;Mic;Xze;14;8,0;1;L;1;8;;
S/N;295/80R22.5;Pir;Fg85;13;5,0;1;T;1;34;;
15666;295/80R22.5;Mic;Xde2+;13;1,0;1;L;2;34;;
16415;295/80R22.5;Pir;Fg85;13;5,0;1;T;1;34;35;8
S/N;295/80R22.5;Bri;R268;13;8,0;;L;NV;12;;
S/N;295/80R22.5;Bri;R268;13;9,0;;L;NV;12;;
S/N;295/80R22.5;Bri;R297;13;8,0;1;L;1;34;;
17119;295/80R22.5;Pir;Fg01;14;3,0;1;T;1;40;;
18702;295/80R22.5;Pir;Fh01;15;10,0;1;L;1;12;;
S/N;295/80R22.5;Fir;Fs511;10;5,0;1;L;2;2;9;
53985;295/80R22.5;Goo;G658;14;8,0;1;L;2;34;2;
15399;295/80R22.5;Mic;Xde2+;13;7,0;1;L;2;41;34;35
14628;295/80R22.5;Pir;Fg85;13;10,0;1;L;2;41;34;35
17086;295/80R22.5;Pir;Fg01;14;3,0;1;L;1;40;;
18728;295/80R22.5;Pir;Fg01;15;6,0;1;L;1;5;;
YCK59202A;295/80R22.5;Mic;X Multi;14;7,0;1;L;2;14;;
48445;295/80R22.5;Pir;Fr85;13;10,0;1;L;1;32;34;
17347;295/80R22.5;Pir;Fr85;14;12,0;1;L;1;34;;
13548;295/80R22.5;Pir;Fr85;12;5,0;2;L;2;32;;
14472;295/80R22.5;Pir;Fg85;13;7,0;1;L;1;34;;
YCR23451A;295/80R22.5;Mic;X Multi;14;8,0;1;L;1;34;35;
15148;295/80R22.5;Mic;Xze2+;12;6,0;1;L;2;32;34;
14576;295/80R22.5;Pir;Fg85;13;10,0;1;L;1;12;;
1368;295/80R22.5;Pir;Fg85;13;11,0;1;L;2;32;34;
14438;295/80R22.5;Pir;Fg85;12;6,0;1;L;2;14;10;
YCR40803A;295/80R22.5;Mic;X Multi;14;11,0;1;L;3;12;;
15784;295/80R22.5;Mic;Xde2+;13;14,0;2;L;2;34;35;
16748;295/80R22.5;Pir;Fg85;13;3,0;1;T;1;35;26;
16039;295/80R22.5;Pir;Fr85;13;9,0;1;L;1;12;;
16038;295/80R22.5;Pir;Fr85;13;10,0;1;L;1;40;12;
47626;295/80R22.5;Pir;Fr85;13;5,0;1;L;3;32;34;
17303;295/80R22.5;Pir;Fg85;14;11,0;1;1;1;26;;
17537;295/80R22.5;Pir;Tr85;14;10,0;1;T;2;32;34;
16400;295/80R22.5;Bri;Fr85;13;9,0;1;T;1;32;34;
17329;295/80R22.5;Pir;Fr85;14;8,0;;M;NV;35;Pirelli;
102682;295/80R22.5;Con;Hs3;16;10,0;;L;NV;3;5;
14406;295/80R22.5;Pir;Fg85;12;10,0;1;L;1;32;34;
33166;295/80R22.5;Con;Hsr2;11;10,0;2;M;1;12;;
16929;295/80R22.5;Pir;Fg85;13;1,0;1;M;1;32;34;
16046;295/80R22.5;Pir;Fg85;13;12,0;1;L;2;41;35;
302501;295/80R22.5;Pir;Fh75;11;1,0;1;L;1;14;;
KXY98077;295/80R22.5;Pir;Fr85;13;2,0;;L;NV;8;;
18346;295/80R22.5;Pir;Fg01;15;5,0;1;T;1;5;;
IMP/85;295/80R22.5;Bri;M729;14;2,0;1;T;1;40;;
18196;295/80R22.5;Pir;Tr01;14;10,0;1;L;2;34;;
15771;295/80R22.5;Mic;Xze 2+;13;5,0;1;T;1;8;;
57732;295/80R22.5;Pir;Fr85;14;10,0;1;L;1;12;;
YCR83806A;295/80R22.5;Mic;X Multi D;14;11,0;1;L;3;34;34;35
15001;295/80R22.5;Mic;Xze 2+;13;6,0;1;L;2;14;;
15522;295/80R22.5;Mic;Xde 2+;13;11,0;1;T;3;32;34;
16523;295/80R22.5;Mic;Xde 2+;13;7,0;1;T;1;35;;
18088;295/80R22.5;Pir;Fg01;14;3,0;1;L;1;14;;
17054;295/80R22.5;Pir;Fg85;13;8,0;1;L;1;25;34;2
16430;295/80R22.5;Bri;M729;13;10,0;1;L;2;32;34;
14241;295/80R22.5;Pir;Tr85;12;13,0;1;T;2;32;;
14583;295/80R22.5;Pir;Fg85;13;4,0;1;T;2;41;34;
103335;295/80R22.5;Pir;Fg85;13;R;2;L;2;34;;
18282;295/80R22.5;Pir;Fg85;14;2,0;1;T;1;34;;
15050;295/80R22.5;Mic;Fg85;13;R;1;L;2;26;;
KWU63522;295/80R22.5;Pir;Fg85;14;R;2;M;NV;34;;
15784;295/80R22.5;Mic;Xde2+;13;R;2;M;NV;41;34;35
15932;295/80R22.5;Bri;R227;13;1,0;1;M;2;32;34;
44196;295/80R22.5;Pir;Tr85;13;4,0;1;M;2;32;34;
16917;295/80R22.5;Pir;Fg85;13;4,0;1;M;1;12;;
15182;295/80R22.5;Bri;R227;12;1,0;1;M;1;32;34;
14856;295/80R22.5;Mic;Xde2+;13;9,0;1;T;1;3;;
17743;295/80R22.5;Mic;X Multi D;14;9,0;1;T;1;41;34;35
BCR72730A;295/80R22.5;Mic;X Multi D;14;11,0;1;L;3;2;10;
17247;295/80R22.5;Pir;Fg85;14;R;1;M;1;3;;
102608;295/80R22.5;Pir;Fg85;16;R;;M;NV;5;;
15450;295/80R22.5;Mic;Xze2+;13;10,0;1;L;1;32;34;
16815;295/80R22.5;Pir;Fg85;13;8,0;1;L;1;34;12;
15196;295/80R22.5;Pir;Fg85;12;3,0;1;L;1;32;34;
16507;295/80R22.5;Pir;Fg85;13;4,0;1;T;1;12;;
49927;295/80R22.5;Pir;Fg01;13;7,0;1;L;1;40;;
18203;295/80R22.5;Pir;Fg01;06;R;1;T;1;38;;
18657;295/80R22.5;Pir;Fh01;15;5,0;1;L;1;32;34;
18096;295/80R22.5;Pir;Fg01;14;7,0;1;L;1;35;;
16499;295/80R22.5;Pir;Fg85;13;15,0;1;T;1;5;;
16877;295/80R22.5;Pir;Fg85;13;10,0;1;L;1;34;35;
52741;295/80R22.5;Pir;Tr85;14;5,0;1;L;1;8;34;
15580;295/80R22.5;Mic;Xze2+;13;10,0;1;L;1;32;34;
544217;295/80R22.5;Goo;G658;14;6,0;1;L;1;2;10;
100217;295/80R22.5;Pir;Fg01;16;5,0;;M;NV;12;;
15923;295/80R22.5;Bri;R227;13;10,0;1;T;2;41;34;35
13833;295/80R22.5;Pir;Fr85;2312;4,0;1;T;1;12;;XK
15106;295/80R22.5;Mic;Xde2+;'0313;R;2;L;4;41;34;6T
100758;295/80R22.5;Pir;Fh01;'0816;7,0;2;L;NV;2;34;XE
18703;295/80R22.5;Pir;Fh01;1415;6,0;1;L;1;34;2;XE
16781;295/80R22.5;Pir;Fg85;2313;R;1;L;1;35;;XK
102810;295/80R22.5;Pir;Fr85;3616;R;1;T;1;25;;XK
ZCK04544M;295/80R22.5;Mic;Xze;'0913;9,0;1;L;2;32;34;B8
15353;295/80R22.5;Pir;Fg85;1313;10,0;1;L;2;32;34;XK
17103;295/80R22.5;Pir;Fg01;'0814;10,0;1;L;2;32;34;XK
15853;295/80R22.5;Mic;Xe2+;1113;11,0;1;L;2;32;34;B8
15630;295/80R22.5;Mic;Xde2+;'0913;6,0;1;T;1;34;8;B8
15189;295/80R22.5;Bri;M729;'0313;12,0;1;L;2;32;;6T
103807;295/80R22.5;Pir;Fr85;1010;2,0;1;T;1;32;34;XK
UCT07982M;295/80R22.5;Mic;Xze2+;'0113;7,0;1;T;2;32;34;B8
50209;295/80R22.5;Pir;Fr01;3913;6,0;1;L;1;34;;XK
13071;295/80R22.5;Pir;Fr85;4111;5,0;1;L;1;14;;XK
15241;295/80R22.5;Pir;Fg85;1213;4,0;1;T;1;34;;XK
17995;295/80R22.5;Pir;Fg01;2014;9,0;1;T;1;14;;
16220;295/80R22.5;Pir;Fg85;1613;8,0;1;L;1;34;;
kAC2738C;295/80R22.5;Pir;Fg01;3915;11,0;1;L;1;5;;
16516;295/80R22.5;Mic;Xde 2+;1913;R;1;L;1;34;;
15829;295/80R22.5;Mic;Xde 2+;. 0913;12,0;1;T;2;32;34;
15028;295/80R22.5;Mic;Xde 2+;. 0513;10,0;1;L;3;34;25;
102492;295/80R22.5;Pir;Fg01;. 0316;10,0;2;M;NV;12;;
15189;295/80R22.5;Bri;M729;. 0313;11,0;1;L;2;32;34;
17405;295/80R22.5;Pir;Fg01;1414;11,0;1;L;1;34;;
16597;295/80R22.5;Mic;Xde 2+;1013;2,0;1;T;1;34;8;
CCK09874P;295/80R22.5;Mic;Xde 2+;1713;11,0;1;L;1;32;;
44595;295/80R22.5;Con;Hsr2;1113;9,0;1;L;2;12;;
102857;295/80R22.5;Pir;Fr01;4016;5,0;1;T;NV;5;;
19932;295/80R22.5;Pir;Fg01;15;5,0;1;T;1;38;;
18178;295/80R22.5;Pir;Fg01;14;R;1;M;2;3;;
KWU59291;295/80R22.5;Pir;Fg85;14;7,0;1;M;NV;34;;
50333;295/80R22.5;Goo;G667;13;8,0;1;L;2;41;34;35
17417;295/80R22.5;Pir;Fr01;14;4,0;1;L;NV;5;;3
15592;295/80R22.5;Mic;Xze2+;13;12,0;1;L;2;8;;Exame
54099;295/80R22.5;Goo;G658;14;5,0;1;L;1;41;34;2
17525;295/80R22.5;Pir;Fg01;14;9,0;1;T;2;34;2;
YCR03887A;295/80R22.5;Mic;XMultiD;14;8,0;1;T;1;3;;
CCR22240A;295/80R22.5;Mic;Xze;14;16,0;2;M;1;34;2;
51775;295/80R22.5;Mic;Xze;13;R;1;L;1;40;;
18309;295/80R22.5;Pir;Fg01;14;5,0;1;L;1;41;34;35
18704;295/80R22.5;Pir;Fh01;15;10,0;1;L;2;2;;
100769;295/80R22.5;Pir;Fh01;16;8,0;2;L;NV;2;;
17101;295/80R22.5;Pir;Fh01;14;4,0;1;T;2;40;;
101246;295/80R22.5;Pir;Fh01;16;9,0;2;L;NV;2;;
9772;295/80R22.5;Mic;Xze2+;10;7,0;1;L;1;32;34;
12981;295/80R22.5;Mic;Xze2+;11;4,0;1;L;1;32;34;
14852;295/80R22.5;Mic;Xze2+;13;5,0;1;T;3;34;35;
15041;295/80R22.5;Mic;Xze2+;12;7,0;1;L;3;32;34;
15118;295/80R22.5;Pir;Fg85;13;7,0;1;L;1;12;34;
17030;295/80R22.5;Pir;Fg85;13;12,0;2;M;1;12;35;
17151;295/80R22.5;Pir;Fr85;14;11,0;1;L;1;34;;
17352;295/80R22.5;Pir;Fg85;14;12,0;1;L;1;32;34;
17416;295/80R22.5;Pir;Fg01;14;6,0;;L;NV;2;34;
17958;295/80R22.5;Mic;Xze;14;12,0;1;L;2;34;;
17960;295/80R22.5;Mic;Xze;14;4,0;1;L;2;3;;
18082;295/80R22.5;Pir;Fg01;14;2,0;1;T;1;34;2;
18101;295/80R22.5;Pir;Fg01;14;10,0;1;T;1;8;34;
18146;295/80R22.5;Pir;Fg01;14;4,0;1;L;1;32;;
18878;295/80R22.5;Pir;Fg01;15;10,0;1;L;1;8;;
19751;295/80R22.5;Pir;Fg01;15;8,0;;M;NV;8;;
19937;295/80R22.5;Pir;Fg01;15;7,0;1;L;NV;38;;
45329;295/80R22.5;Pir;Tr85;13;12,0;1;L;1;5;2;
50094;295/80R22.5;Pir;Fr01;13;9,0;1;L;2;32;34;
52876;295/80R22.5;Goo;G658;14;10,0;1;L;2;20;;
59146;295/80R22.5;Pir;Fr85;14;7,0;1;L;1;12;;
59863;295/80R22.5;Mic;Xmult;14;6,0;1;T;1;25;;
5308E;295/80R22.5;Pir;Fg85;13;4,0;1;L;1;12;34;
100179;295/80R22.5;Pir;Fg01;15;2,0;1;T;1;34;35;
14822;295/80R22.5;Pir;Fr85;13;5,0;1;L;1;2;25;
YCK09238M;295/80R22.5;Mic;Xze2+;13;5,0;1;T;2;8;;
17222;295/80R22.5;Pir;Fg85;14;16,0;1;T;1;34;;
57647;295/80R22.5;Pir;Fr85;14;10,0;1;L;1;8;;
157760;295/80R22.5;Mic;Xze2+;13;15,0;2;M;3;34;35;
16797;295/80R22.5;Pir;Fg85;13;9,0;1;L;2;32;34;
18176;295/80R22.5;Pir;Fg01;14;10,0;1;L;1;34;;
15228;295/80R22.5;Bri;R227;13;11,0;1;M;3;32;34;
YCJ0572T;295/80R22.5;Mic;Xde2+;11;5,0;1;L;2;32;34;
42097;295/80R22.5;Goo;G658;13;2,0;1;L;2;5;;
49449;295/80R22.5;Pir;Fr01;13;10,0;1;M;1;32;34;
17566;295/80R22.5;Mic;Xze;14;8,0;1;L;2;34;;
17548;295/80R22.5;Mic;Xze;14;7,0;2;L;2;2;8;
16458;295/80R22.5;Bri;R227;13;7,0;1;L;2;5;;
15549;295/80R22.5;Mic;Xze2+;13;7,0;2;T;2;32;34;
17513;295/80R22.5;Pir;Fg01;14;7,0;;M;NV;40;;
17615;295/80R22.5;Pir;Fg01;13;11,0;1;L;2;41;34;35
14537;295/80R22.5;Pir;Fg85;13;12,0;1;T;1;41;34;35
50367;295/80R22.5;Mic;Xde 2+;13;3,0;1;L;2;34;;
15590;295/80R22.5;Mic;R297;13;5,0;1;L;1;32;34;
17255;295/80R22.5;Pir;Fg85;14;R;1;L;1;34;;
17452;295/80R22.5;Pir;Fr01;14;6,0;;L;NV;34;;
18030;295/80R22.5;Pir;Fg01;14;7,0;;L;NV;5;;
11648;295/80R22.5;Pir;Tr85;11;3,0;1;T;1;8;;
15647;295/80R22.5;Mic;Xze 2+;13;10,0;1;T;1;34;;
16244;295/80R22.5;Pir;Fg85;13;9,0;1;L;1;40;;
16299;295/80R22.5;Pir;Fg85;13;7,0;1;L;3;41;34;35
51022;295/80R22.5;Pir;Fr01;13;8,0;1;L;2;34;;
YCR59892A;295/80R22.5;Mic;Xze;14;5,0;1;L;1;34;;
KXT4913E;295/80R22.5;Pir;Fg85;13;7,0;1;L;1;12;;
18715;295/80R22.5;Pir;Fh01;15;4,0;1;L;2;3;;
17708;295/80R22.5;Mic;Xze;14;13,0;1;T;1;34;;
10399;295/80R22.5;Pir;Fr01;16;12,0;;M;NV;34;;
54591;295/80R22.5;Mic;Xze;14;1,0;2;L;3;34;;
18745;295/80R22.5;Pir;Fh01;15;4,0;1;L;1;34;;
16869;295/80R22.5;Pir;Fg85;13;7,0;1;L;1;41;34;35
16601;295/80R22.5;Mic;Xze 2+;13;5,0;1;L;3;32;34;
17116;295/80R22.5;Pir;Fg01;14;9,0;1;L;2;40;;
8249;295/80R22.5;Pir;Tr85;08;3,0;1;T;1;9;;
49060;295/80R22.5;Pir;Fr01;13;6,0;1;L;1;40;;
18129;295/80R22.5;Pir;Fg01;14;4,0;1;T;1;38;;
46495;295/80R22.5;Mic;Xze2+;13;9,0;1;L;1;32;34;
104430;295/80R22.5;Con;Hsr1;17;14,0;;L;NV;14;;
15700;295/80R22.5;Mic;Xze2+;13;8,0;1;L;2;32;34;
18418;295/80R22.5;Pir;Fg01;15;1,0;1;L;2;31;;
15253;295/80R22.5;Pir;Fg85;13;15,0;1;T;1;14;;
14603;295/80R22.5;Pir;Fg85;13;6,0;1;L;1;34;35;
16219;295/80R22.5;Pir;Fg85;13;11,0;1;L;1;8;;
100645;295/80R22.5;Pir;Fg01;16;11,0;;L;NV;32;;
15130;295/80R22.5;Pir;Fg85;13;10,0;1;L;1;34;35;
16297;295/80R22.5;Pir;Fg85;13;10,0;1;L;3;12;;
17243;295/80R22.5;Pir;Fg85;14;R;1;L;1;34;;
19931;295/80R22.5;Pir;Fr01;15;R;;M;NV;3;;
100810;295/80R22.5;Pir;Fr01;16;9,0;;M;NV;2;34;
19178;295/80R22.5;Pir;Fr01;15;3,0;;M;NV;5;;
100291;295/80R22.5;Pir;Fr01;16;R;;M;NV;3;;
100798;295/80R22.5;Pir;Fr01;16;9,0;;M;NV;35;;
16969;295/80R22.5;Pir;Fg85;13;13,0;1;T;1;34;35;
14991;295/80R22.5;Mic;Xze2+;13;6,0;1;L;1;8;3;
16671;295/80R22.5;Pir;Fg85;13;10,0;1;L;1;2;34;
14243;295/80R22.5;Pir;Tr85;12;8,0;1;L;1;8;;
17702;295/80R22.5;Mic;Xe;14;7,0;1;L;2;8;;
18486;295/80R22.5;Pir;Fg01;15;5,0;1;T;1;12;;
15031;295/80R22.5;Mic;Xze2+;13;3,0;1;T;1;5;;
17256;295/80R22.5;Pir;Fg85;14;12,0;1;L;1;34;;
16871;295/80R22.5;Pir;Fg85;13;10,0;1;T;1;34;;
120036;295/80R22.5;Pir;Fg01;16;R;1;M;2;8;;
16824;295/80R22.5;Pir;Fg85;13;11,0;1;T;1;34;35;
18259;295/80R22.5;Pir;Tr01;14;9,0;1;T;1;40;;
17402;295/80R22.5;Pir;Fr01;14;8,0;1;L;1;14;;
16934;295/80R22.5;Pir;Fg85;13;10,0;1;L;1;40;;
17253;295/80R22.5;Pir;Fg85;14;13,0;1;L;1;12;10;
EWV55516;295/80R22.5;O;Driver2;14;2,0;Nv;L;1;40;;
DOT5009;295/80R22.5;Bri;R227;09;8,0;1;L;1;14;;
16640;295/80R22.5;Pir;Fr85;13;11,0;1;L;1;34;35;
15976;295/80R22.5;Bri;R227;13;4,0;1;T;1;34;34;
18016;295/80R22.5;Pir;Fr01;14;11,0;1;L;2;34;;
100897;295/80R22.5;Pir;FH01;16;R;1;L;1;8;;
1557;295/80R22.5;Pir;Fg85;13;7,0;1;T;1;34;35;
17509;295/80R22.5;Pir;Fg01;14;9,0;1;L;1;34;35;
18262;295/80R22.5;Pir;Tr01;14;11,0;1;L;2;34;35;
18618;295/80R22.5;Pir;Fg01;15;8,0;1;T;3;34;12;
14595;295/80R22.5;Pir;Fg85;13;10,0;1;L;2;32;34;
16543;295/80R22.5;Mic;Xde2+;13;13,0;1;L;3;34;;
18415;295/80R22.5;Pir;Fr01;15;10,0;1;T;1;34;;
15447;295/80R22.5;Mic;Xde2+;13;11,0;1;L;3;32;;
16182;295/80R22.5;Pir;Fg85;13;11,0;1;L;2;26;;
18071;295/80R22.5;Pir;Fr01;14;12,0;1;L;1;40;;
15532;295/80R22.5;Mic;Xde;13;6,0;1;T;3;32;34;
11956;295/80R22.5;Pir;Fr85;11;4,0;1;M;1;14;;
15687;295/80R22.5;Mic;Xde2+;13;9,0;1;T;3;34;35;
16254;295/80R22.5;Pir;Fg85;13;9;1;L;1;12;;
17028;295/80R22.5;Pir;Fg01;13;4,0;1;T;1;40;;
16647;295/80R22.5;Pir;Fg85;13;10,0;1;L;2;40;;
16341;295/80R22.5;Pir;Fg85;13;11,0;1;L;1;40;;
19860;295/80R22.5;Pir;Fg01;15;7,0;;L;NV;5;;
101359;295/80R22.5;Mic;X Multi;16;R;;L;NV;34;;
17704;295/80R22.5;Mic;X Multi;14;9,0;1;T;2;8;;
17077;295/80R22.5;Pir;Fg01;14;12,0;1;L;2;34;Nivaldo;
47211;295/80R22.5;Bri;M729;13;3,0;1;L;2;40;;
17512;295/80R22.5;Pir;Fg01;14;10,0;1;L;1;2;;
51697;295/80R22.5;Bri;R227;13;6,0;1;L;1;32;34;
51709;295/80R22.5;Bri;R227;13;13,0;2;L;2;35;;
15044;295/80R22.5;Mic;Xze 2+;13;10,0;1;L;1;41;34;35
100922;295/80R22.5;Pir;Fh01;16;R;;L;NV;34;;
17802;295/80R22.5;Mic;Xze 2+;14;11,0;1;T;1;34;35;
Brid10172;295/80R22.5;Pir;Fg85;13;7,0;1;L;3;40;12;
18525;295/80R22.5;Pir;Fg01;15;10,0;1;L;1;12;;
14783;295/80R22.5;Pir;Fr85;13;6,0;1;L;1;2;;
18200;295/80R22.5;Pir;Fg01;14;10,0;1;L;2;34;;
KAT54012;295/80R22.5;Pir;Fgo1;15;11,0;1;L;3;38;;
14939;295/80R22.5;Mic;Xze2+;01;5,0;1;L;2;32;34;
15879;295/80R22.5;Bri;R227;13;8,0;1;L;2;32;34;
18482;295/80R22.5;Pir;Fgo1;15;3,0;1;T;2;26;;
16548;295/80R22.5;Mic;Xze2+;13;6,0;1;L;1;12;;
15960;295/80R22.5;Bri;M729;13;3,0;1;T;1;8;;
14546;295/80R22.5;Pir;Fg85;13;6,0;1;L;1;26;;
18157;295/80R22.5;Pir;Fgo1;14;10,0;1;L;1;34;35;
14969;295/80R22.5;Mic;Xze2;13;6,0;1;L;1;32;34;
18730;295/80R22.5;Pir;Fgo1;15;10,0;1;L;1;14;;
100350;295/80R22.5;Pir;Fgo1;16;4,0;1;T;1;3;;
12415;295/80R22.5;Mic;Xde2+;11;4,0;1;T;1;40;;
15404;295/80R22.5;Mic;Xze2+;13;9,0;2;L;2;32;34;
15591;295/80R22.5;Mic;Xze2+;13;10,0;2;L;1;32;34;
13894;295/80R22.5;Pir;Fr85;12;16,0;2;T;2;2;34;
16745;295/80R22.5;Pir;Fg85;13;8,0;1;T;1;34;;
15252;295/80R22.5;Pir;Fg85;?;9,0;1;L;1;12;3;
14998;295/80R22.5;Mic;Xde2+;13;9,0;1;L;2;34;;
18511;295/80R22.5;Pir;Fgo1;15;5,0;1;T;1;14;;
17517;295/80R22.5;Pir;Fgo1;14;R;1;M;1;34;;
10123;295/80R22.5;Pir;Fho1;16;R;;L;NV;8;;
100294;295/80R22.5;Pir;Fgo1;16;8,0;;M;NV;8;;
15110;295/80R22.5;Mic;Xde2+;13;8,0;1;L;1;40;;
58354;295/80R22.5;Pir;Fr85;14;8,0;2;M;1;38;;
17508;295/80R22.5;Pir;Fgo1;14;5,0;1;T;1;40;;
18331;295/80R22.5;Pir;Fgo1;14;14,0;1;T;1;3;;
100203;295/80R22.5;Pir;Fgo1;15;7,0;;M;NV;12;;
16618;295/80R22.5;Mic;Xde2+;15;5,0;1;M;1;34;35;
19587;295/80R22.5;Pir;Fgo1;15;4,0;1;M;1;12;;
15104;295/80R22.5;Mic;Xze2+;13;7,0;1;L;2;8;40;
16541;295/80R22.5;Mic;Xze2+;13;6,0;1;T;2;32;34;
100922;295/80R22.5;Pir;Fh01;13;R;1;L;1;34;;
16911;295/80R22.5;Pir;Fg85;13;2,0;;L;Nv;26;;
100927;295/80R22.5;Pir;Fg01;16;9,0;;L;Nv;38;;
16817;295/80R22.5;Pir;Fg85;13;1,0;1;L;1;31;;
18073;295/80R22.5;Pir;Fg01;14;1,0;1;L;1;31;;
15837;295/80R22.5;Mic;Xze2+;13;11,0;1;L;2;34;35;
14128;295/80R22.5;Pir;Fr85;12;7,0;1;L;1;12;34;
12984;295/80R22.5;Mic;Xze2+;11;2,0;1;L;1;20;;
10083;295/80R22.5;Mic;Xze2+;10;9,0;1;L;1;32;34;
17730;295/80R22.5;Mic;Xze2+;14;5,0;1;T;1;34;35;
40125;295/80R22.5;Mic;Xze2+;12;12,0;2;L;3;34;35;
19923;295/80R22.5;Pir;Tr01;15;9,0;1;L;1;12;;
16939;295/80R22.5;Pir;Fr85;13;8,0;1;L;1;34;;
13868;295/80R22.5;Pir;Fr85;12;6,0;1;L;2;2;34;
17163;295/80R22.5;Pir;Fg85;14;10,0;1;T;1;34;;
17184;295/80R22.5;Pir;Fg85;14;8,0;1;L;1;34;35;
100007;295/80R22.5;Pir;Fg01;16;11,0;1;T;1;6;;
16410;295/80R22.5;Bri;R227;13;2,0;1;L;1;12;;
17007;295/80R22.5;Pir;Fg85;13;11,0;2;L;1;32;34;
18206;295/80R22.5;Pir;Fr01;14;14,0;2;L;2;40;;
17228;295/80R22.5;Pir;Fg85;14;11,0;1;T ;1;34;35;
41742;295/80R22.5;Goo;G658;13;8,0;1;L;1;2;;
17252;295/80R22.5;Pir;Fg85;14;11,0;;M ;NV;34;;
17010;295/80R22.5;Pir;Fg85;13;5,0;1;T ;1;38;;
19719;295/80R22.5;Pir;Fg01;15;4,0;1;L;1;38;;
18207;295/80R22.5;Pir;Fg01;14;10,0;1;L;1;34;;
18697;295/80R22.5;Pir;Fr01;15;10,0;1;L;1;34;;
103143;295/80R22.5;Bri;R227;14;8,0;1;L;2;12;;
18108;295/80R22.5;Pir;Fr01;14;7,0;1;T ;1;40;;
17229;295/80R22.5;Pir;Fg85;14;7,0;1;L;1;14;;
16489;295/80R22.5;Pir;Fg85;13;9,0;1;L;1;34;;
10635;295/80R22.5;Pir;Fr85;10;1,0;1;L;1;32;34;12
17265;295/80R22.5;Pir;Fg85;14;7,0;;M ;NV;32;;
6941;275/80R22.5;O;UR279;10;1;;L;1;9;;
8115;275/80R22.5;O;FV;11;1;1;L;1;9;;
10068;295/80R22.5;Pir;Fh01;16;8;;L;NV;2;;
49772;295/80R22.5;Pir;Fr01;13;11;2; M;2;40;;
18216;295/80R22.5;Pir;Fr01;14;9;1;L;1;12;;
100827;295/80R22.5;Pir;Fh01;16;7;;L;NV;2;;
14253;295/80R22.5;Pir;Fg85;12;1;; M;NV;14;;
100672;295/80R22.5;Pir;Fr85;10;4;1;L;1;12;14;9
14841;295/80R22.5;Mic; Xze 2+;12;5;1;L;2;2;;
10896;295/80R22.5;Pir;Fr85;11;2;1;L;2;9;;
17403;295/80R22.5;Pir;Fr01;14;R;;L;NV;34;;
19684;295/80R22.5;Pir;Fg01;15;7;; M;NV;34;;
59543;295/80R22.5;Bri;R296;14;3;1;L;1;2;;
12420;295/80R22.5;Mic;Xze 2+;11;1;1;L;8;34;35;2
11756;295/80R22.5;Pir;Fr85;11;9;1;L;1;2;;
18488;295/80R22.5;Pir;Fr01;15;3;1; T;1;34;;
18341;295/80R22.5;Pir;Fg01;14;8;1; T;1;34;;
18083;295/80R22.5;Pir;Fg01;14;14;1; T;1;40;;
16393;295/80R22.5;Bri;R227;13;6;1;L;1;14;2;
17735;295/80R22.5;Mic;Xze 2+;14;8;2; M;1;2;;
15365;295/80R22.5;Pir;Fg85;41;13;8;L;1;34;;
18580;295/80R22.5;Pir;Fg01;10;15;6; L;NV;12;;
100652;295/80R22.5;Pir;Fh01;13;16;9;L;NV;18;;
101673;295/80R22.5;Mic;X Multi;24;16;6;L;NV;18;;
100662;295/80R22.5;Pir;Fh01;. 08;16;9;L;NV;18;;
16022;295/80R22.5;Pir;Fr85;11;13;8;L;1;12;;
102672;295/80R22.5;Con;Hsr3;47;16;10;L;NV;18;;
102711;295/80R22.5;Con;Htr1;44;16;9;L;NV;18;;
15809;295/80R22.5;Mic;Xde 2+;10;13;4;L;1;34;;
18227;295/80R22.5;Pir;Fg01;45;11;8;L;1;12;8;
18114;295/80R22.5;Pir;Fg01;45;14;12;L;1;8;35;
101245;295/80R22.5;Pir;Fh01;27;16;12;L;NV;5;;
101247;295/80R22.5;Pir;Fh01;27;16;9;L;NV;5;;
40529;295/80R22.5;Goo;G667;39;12;8;L;1;5;;
18296;295/80R22.5;Pir;Fg01;42;12;10; M;NV;5;;
18117;295/80R22.5;Pir;Fg01;34;14;3;T;1;8;;
18469;295/80R22.5;Pir;Fg01;. 05;15;6;L;1;40;;
15423;295/80R22.5;Mic;Xde 2+;. 09;13;4; T;3;34;;
100087;295/80R22.5;O;Driver II;. 08;16;10;L;1;34;;
18374;295/80R22.5;Pir;Fg01;13;16;9; T;2;34;;
18263;295/80R22.5;Pir;Tr01;31;14;12; T;1;40;;
15936;295/80R22.5;Bri;R227;13;13;8;L;2;34;;
100357;295/80R22.5;Pir;Fg01;12;16;8; M;NV;38;;
19947;295/80R22.5;Fir;Fs 400 II;15;9;1;L;1;34;;
18069;295/80R22.5;Pir;Fr85;14;12;1;L;1;34;;
101326;295/80R22.5;Mic;Xmz;16;11;1;L;1;5;;
17128;295/80R22.5;Pir;Fg01;14;4;1;L;2;34;8;
17990;295/80R22.5;Pir;Fr01;14;6;1;T;1;40;;
54107;295/80R22.5;Goo;G658;14;5;1;L;2;12;;
49648;295/80R22.5;Pir;Fr01;13;10;1;L;1;34;;
18842;295/80R22.5;Pir;Fg01;14;3;1;L;2;34;;
KXN39071;295/80R22.5;Pir;Fr85;13;2;1;L;1;34;;
EBM49505;295/80R22.5;Pir;Fg01;16;9;;L;NV;34;;
Dot 1314;295/80R22.5;Pir;Fr85;14;7;1;T;1;40;12;
10598;295/80R22.5;Pir;Fr85;10;2;2;L;1;9;;
16965;295/80R22.5;Pir;Fg85;13;13;1;L;1;34;;
18855;295/80R22.5;Pir;Fg01;15;9;1;L;1;12;;
100029;295/80R22.5;Pir;Fg01;16;9;1;L;1;8;;
KWU67282;295/80R22.5;Pir;Fg85;14;11;;M;NV;41;34;35
16685;295/80R22.5;Pir;Fg85;13;6;1;T;1;25;;
18595;295/80R22.5;Pir;Fg01;15;4;1;T;1;34;;
18110;295/80R22.5;Pir;Fg01;14;7;1;T;2;40;;
13189;295/80R22.5;Mic;Fr85;11;11;1;L;4;8;;
